"source","id","longitude","latitude"
"server",7469,102.6264864,18.0049984
"server",7534,102.62803172829,17.998576013791
"server",7537,102.63540387163,18.140214085596
"server",7588,102.66394492248,17.99509010745
"server",7593,102.6243051,18.1297411
"server",7594,102.6361536,17.9869594
"server",7595,102.6533798,18.1127544
"server",7621,102.5458655,18.0655696
"server",7681,102.64074440124,17.982944562117
"server",7681,102.6004253,18.0617294
"server",7690,102.67585167221,17.989156797276
"server",7714,102.6254944,18.1294698
"server",7720,102.6295012516,17.980659403855
"server",7731,102.6260719,18.0236897
"server",7735,102.6004253,18.0617294
"server",7737,102.6282431,17.9817976
"server",7758,102.62884673191,18.004309498205
"server",7792,102.6523183,17.9315583
"server",7795,102.6503867,17.9314111
"server",7801,102.6179623,18.0205685
"server",7805,102.61501764898,17.962788000665
"server",7812,102.6392331441,17.993996981548
"server",7813,102.63916768143,17.993977912718
"server",7835,102.6191494,18.0141868
"server",7862,102.62939304123,17.989160749147
"server",7903,102.6353454,17.9892457
"server",7947,102.63893533508,17.977226888778
"server",7953,102.54760749555,17.983013842703
"server",8076,102.624342,17.9131022
"server",8098,102.6316366,17.9877547
"server",8127,102.62787085835,18.137947472937
"whatsapp",4349,102.605293,17.964321
"whatsapp",4374,102.607094,18.005964
"whatsapp",4378,102.623672,17.980669
"whatsapp",4423,102.620758,18.018799
"whatsapp",4443,102.647606,17.971043
"whatsapp",4515,102.62278,17.976343
"whatsapp",4596,102.605064,17.964151
"whatsapp",4666,102.605812,17.963827
"whatsapp",4667,102.505038,18.144547
"whatsapp",4770,102.610115,17.971994
"whatsapp",4825,102.683167,17.950954
"whatsapp",4835,102.62397,18.029547
"whatsapp",4878,102.620613,17.907196
"whatsapp",5107,102.641167,17.912216
"whatsapp",5120,102.59967,17.970963
"whatsapp",5182,102.632973,17.963015
"whatsapp",5383,102.685806,17.982517
"whatsapp",5543,102.574516,17.971207
"whatsapp",5553,102.680862,18.277033
"whatsapp",5563,102.62957,18.086802
"whatsapp",5592,102.519302,17.985758
"whatsapp",5595,102.650513,17.870512
"whatsapp",5738,102.624237,17.8936
"whatsapp",5835,102.582703,18.181219
"whatsapp",5846,102.538704,17.99213
"whatsapp",5847,102.538704,17.99213
"whatsapp",5861,102.717644,17.887072
"whatsapp",5872,102.628189,17.978556
"whatsapp",5888,102.54599,18.042246
"whatsapp",5903,102.647652,17.900326
"whatsapp",5910,102.580872,17.978716
"whatsapp",5925,102.61203,17.967728
"whatsapp",5930,102.605385,18.003763
"whatsapp",5931,102.627396,17.918234
"whatsapp",5933,102.674561,18.130629
"whatsapp",5934,102.657219,17.997936
"whatsapp",5935,102.646721,17.898184
"whatsapp",5939,102.623337,18.017471
"whatsapp",5943,102.63031,18.044958
"whatsapp",5946,102.586792,17.986362
"whatsapp",5952,102.619209,17.995115
"whatsapp",5966,102.654388,17.970554
"whatsapp",5988,102.635521,17.837305
"whatsapp",5993,102.614777,17.931696
"whatsapp",6019,102.36462,18.03067
"whatsapp",6025,102.687881,18.249437
"whatsapp",6029,102.641129,18.015486
"whatsapp",6032,102.792717,18.125437
"whatsapp",6050,102.610657,17.989601
"whatsapp",6060,102.612823,18.051872
"whatsapp",6060,102.651245,18.000114
"whatsapp",6072,102.67318,18.259081
"whatsapp",6082,102.580538,17.975993
"whatsapp",6084,102.662209,17.908205
"whatsapp",6091,102.670731,18.005465
"whatsapp",6092,102.634987,18.044935
"whatsapp",6096,102.828018,18.206008
"whatsapp",6110,102.673164,18.259092
"whatsapp",6123,102.63871,17.974653
"whatsapp",6124,102.637077,18.043884
"whatsapp",6153,102.6246709,17.9255379
"whatsapp",6165,102.618599,18.014835
"whatsapp",6177,102.673164,18.259092
"whatsapp",6182,102.637077,18.043884
"whatsapp",6187,102.625389,17.944397
"whatsapp",6191,102.61934,18.014286
"whatsapp",6201,102.637436,18.12479
"whatsapp",6215,102.626678,17.947342
"whatsapp",6221,102.622032,18.013521
"whatsapp",6237,102.638832,17.97015
"whatsapp",6238,102.619019,18.014349
"whatsapp",6265,102.593521,17.975897
"whatsapp",6266,102.613937,17.99272
"whatsapp",6270,102.620667,17.921125
"whatsapp",6272,102.62645,18.007412
"whatsapp",6273,102.657143,18.109257
"whatsapp",6276,102.6254827,17.977211
"whatsapp",6284,102.679298,17.971218
"whatsapp",6285,102.670731,18.00555
"whatsapp",6289,102.665916,17.990448
"whatsapp",6319,102.625237,17.967718
"whatsapp",6328,102.67308,17.972172
"whatsapp",6341,102.6567,17.99696
"whatsapp",6342,102.632378,18.039907
"whatsapp",6343,102.640503,17.912931
"whatsapp",6351,102.626923,18.023859
"whatsapp",6363,102.544075,18.0205
"whatsapp",6365,102.650654,18.003064
"whatsapp",6366,102.627625,18.010181
"whatsapp",6367,102.618176,17.990912
"whatsapp",6370,102.639,18.027935
"whatsapp",6375,102.546883,18.022898
"whatsapp",6381,102.650675,18.00149
"whatsapp",6385,102.611305,18.042887
"whatsapp",6387,102.627502,18.019148
"whatsapp",6391,102.613937,17.960556
"whatsapp",6392,102.646416,18.031967
"whatsapp",6397,102.642311,17.95657
"whatsapp",6401,102.635818,17.927862
"whatsapp",6413,102.719994,17.911577
"whatsapp",6421,102.642349,17.956553
"whatsapp",6422,102.642311,17.95657
"whatsapp",6451,102.70517,17.884094
"whatsapp",6456,102.707817,18.067801
"whatsapp",6463,102.649208,18.058933
"whatsapp",6465,102.663292,18.072104
"whatsapp",6488,102.628525,18.009357
"whatsapp",6490,102.794312,18.128803
"whatsapp",6492,102.656891,17.996702
"whatsapp",6494,102.6493,17.887613
"whatsapp",6495,102.727945,17.888794
"whatsapp",6501,102.612236,17.88801
"whatsapp",6527,102.623039,17.912678
"whatsapp",6536,102.628517,17.869987
"whatsapp",6552,102.613609,17.972134
"whatsapp",6554,102.613602,17.972149
"whatsapp",6563,102.616821,18.014887
"whatsapp",6567,102.6343,17.935356
"whatsapp",6573,102.615532,17.966122
"whatsapp",6588,102.58448,17.975773
"whatsapp",6591,102.639679,18.048626
"whatsapp",6599,102.475082,18.076509
"whatsapp",6600,102.668098,17.988853
"whatsapp",6601,102.666519,17.985939
"whatsapp",6602,102.632552,18.057859
"whatsapp",6604,102.582603,17.967941
"whatsapp",6605,102.613785,17.971918
"whatsapp",6614,102.657654,17.969982
"whatsapp",6616,102.65966,17.987148
"whatsapp",6623,102.626595,18.031876
"whatsapp",6625,102.634361,18.003916
"whatsapp",6626,102.633881,18.022436
"whatsapp",6640,102.612869,18.040848
"whatsapp",6646,102.588539,17.988209
"whatsapp",6648,102.634102,18.030487
"whatsapp",6652,102.62677,18.128334
"whatsapp",6655,102.637817,18.002455
"whatsapp",6656,102.761353,18.055351
"whatsapp",6671,102.710957,18.050891
"whatsapp",6674,102.662689,17.989092
"whatsapp",6675,102.668343,18.065004
"whatsapp",6709,102.610077,17.885521
"whatsapp",6723,102.642036,18.04867
"whatsapp",6724,102.615701,17.998859
"whatsapp",6726,102.628059,17.996809
"whatsapp",6730,102.650101,18.013998
"whatsapp",6732,102.626106,18.004713
"whatsapp",6736,102.634666,17.949511
"whatsapp",6752,102.738838,17.889429
"whatsapp",6754,102.628395,17.970028
"whatsapp",6779,102.617104,18.027248
"whatsapp",6792,102.668999,18.048965
"whatsapp",6814,102.638725,18.008797
"whatsapp",6820,102.667915,17.930351
"whatsapp",6832,102.639801,17.956116
"whatsapp",6835,102.635437,18.027372
"whatsapp",6850,102.667343,18.063576
"whatsapp",6854,102.702202,17.990597
"whatsapp",6863,102.609108,18.038092
"whatsapp",6864,102.632561,18.040562
"whatsapp",6869,102.707947,17.995308
"whatsapp",6870,102.672447,17.98702
"whatsapp",6871,102.606918,17.991156
"whatsapp",6872,102.590065,17.974285
"whatsapp",6874,102.610657,18.043627
"whatsapp",6879,102.627884,17.996294
"whatsapp",6884,102.627739,18.013754
"whatsapp",6890,102.637215,18.030617
"whatsapp",6896,102.612105555556,17.972375
"whatsapp",6897,102.612105555556,17.9677194444444
"whatsapp",6898,102.628098,17.965107
"whatsapp",6910,102.633781,18.006445
"whatsapp",6911,102.638382,17.971561
"whatsapp",6915,102.702576,18.065212
"whatsapp",6918,102.626198,18.049267
"whatsapp",6920,102.671303,18.041607
"whatsapp",6928,102.635719,18.021141
"whatsapp",6952,102.637413,18.045618
"whatsapp",6957,102.633835,17.961317
"whatsapp",6958,102.637047,18.032568
"whatsapp",6963,102.5862222,18.0390833
"whatsapp",6975,102.627775,17.975211
"whatsapp",6982,102.641548,18.049597
"whatsapp",6986,102.634087,18.013605
"whatsapp",6993,102.626091,17.916664
"whatsapp",6997,102.638229,17.944998
"whatsapp",7001,102.646729,17.895433
"whatsapp",7004,0.925583333333333,40.3775277777778
"whatsapp",7011,102.735603,17.888832
"whatsapp",7013,102.644463,17.996294
"whatsapp",7017,102.658386,17.992701
"whatsapp",7028,102.599724,17.990894
"whatsapp",7040,102.62381,17.960314
"whatsapp",7046,102.637161,17.945862
"whatsapp",7048,102.60556,17.971626
"whatsapp",7049,102.653015,17.872196
"whatsapp",7054,102.624313,18.036472
"whatsapp",7074,102.630882,18.022495
"whatsapp",7078,102.609718,17.994854
"whatsapp",7080,102.638435,18.046574
"whatsapp",7091,102.619324,18.013691
"whatsapp",7092,102.605614,17.99
"whatsapp",7098,102.615837,17.981504
"whatsapp",7106,102.607811,17.971004
"whatsapp",7114,102.606674,18.002192
"whatsapp",7116,102.619804,18.026251
"whatsapp",7118,102.671288,18.003126
"whatsapp",7119,102.619804,18.026251
"whatsapp",7120,102.639824,17.899055
"whatsapp",7122,102.63229,17.98724
"whatsapp",7132,102.666313,17.954878
"whatsapp",7136,102.820137,21.469618
"whatsapp",7140,102.670113,17.954027
"whatsapp",7156,102.649162,18.036674
"whatsapp",7171,102.628662,18.012838
"whatsapp",7172,102.632927,18.127207
"whatsapp",7194,102.632858,18.041759
"whatsapp",7195,102.618568,17.999025
"whatsapp",7196,102.632858,18.041759
"whatsapp",7201,102.66479,17.969797
"whatsapp",7203,102.568657,17.971638
"whatsapp",7211,102.623581,17.995207
"whatsapp",7212,102.649368,18.10767
"whatsapp",7213,102.632164,18.027962
"whatsapp",7220,102.757149,18.059662
"whatsapp",7223,102.63163,18.056873
"whatsapp",7225,102.637573,18.014614
"whatsapp",7231,102.718391,17.887468
"whatsapp",7240,102.717926,17.890387
"whatsapp",7244,102.632835,18.041153
"whatsapp",7248,102.602829,17.964785
"whatsapp",7256,102.620728,18.002157
"whatsapp",7261,102.632469,18.056412
"whatsapp",7264,102.623795,18.034561
"whatsapp",7277,102.610062,17.974543
"whatsapp",7278,102.607452,17.973938
"whatsapp",7279,102.642342,18.015518
"whatsapp",7285,102.642944,17.943314
"whatsapp",7287,102.628876,17.963039
"whatsapp",7289,102.618759,18.003323
"whatsapp",7291,102.631645,18.062469
"whatsapp",7294,102.635063,17.973541
"whatsapp",7336,102.624321,17.910267
"whatsapp",7341,102.602951,18.014261
"whatsapp",7349,102.565155,18.030542
"whatsapp",7350,102.646873,18.044163
"whatsapp",7367,102.60704,18.007113
"whatsapp",7368,102.637985,18.03257
"whatsapp",7375,102.59182,18.001896
"whatsapp",7392,102.628693,17.998703
"whatsapp",7740,102.628159,18.181597
"whatsapp",7794,102.663727,18.067509
"whatsapp",8132,102.603973,18.0439
"old_gps",14,102.628224,17.963667
"old_gps",51,102.635278,17.935949
"old_gps",65,102.629734,18.132889
"old_gps",101,102.614602,17.988477
"old_gps",106,102.654474,17.998938
"old_gps",109,102.635034,17.934027
"old_gps",113,102.928864,18.079674
"old_gps",118,102.649224,17.888457
"old_gps",119,102.647733,17.931876
"old_gps",125,102.647749,17.931889
"old_gps",130,102.66702,18.047627
"old_gps",131,102.64987,18.04152
"old_gps",132,102.666894,18.062078
"old_gps",137,102.880515,18.042315
"old_gps",139,102.604422,17.966233
"old_gps",153,102.564867,17.969998
"old_gps",156,102.663406,18.124745
"old_gps",162,102.563545,17.973806
"old_gps",169,102.634282,17.945058
"old_gps",173,102.674559,18.052785
"old_gps",174,102.669938,18.044942
"old_gps",181,102.572387,17.96892
"old_gps",190,102.600908,17.996925
"old_gps",194,102.629958,18.050428
"old_gps",207,102.636754,17.999397
"old_gps",208,102.636728,17.999403
"old_gps",212,102.888543,17.986858
"old_gps",214,102.577895,17.97063
"old_gps",217,102.620253,17.956652
"old_gps",218,102.646222,18.110797
"old_gps",225,102.640075,17.945004
"old_gps",226,102.646557,18.110078
"old_gps",230,102.607605,18.003992
"old_gps",236,102.621573,17.95575
"old_gps",237,102.962242,18.008466
"old_gps",254,102.609371,17.982418
"old_gps",258,102.634827,17.971144
"old_gps",260,102.634625,17.971109
"old_gps",263,102.625279,17.958094
"old_gps",264,102.665681,17.985553
"old_gps",265,102.630982,17.947735
"old_gps",269,102.661332,18.053321
"old_gps",274,102.645776,18.046993
"old_gps",275,102.669516,18.009002
"old_gps",297,102.588897,17.969061
"old_gps",307,102.62244,17.939086
"old_gps",319,102.632619,18.01234
"old_gps",321,102.617179,17.901131
"old_gps",334,102.615404,17.998279
"old_gps",342,102.638018,18.021968
"old_gps",344,102.62634,17.986296
"old_gps",347,102.639133,17.959093
"old_gps",350,102.632877,18.014056
"old_gps",352,102.663317,17.899974
"old_gps",369,102.621819,17.937911
"old_gps",372,102.658303,18.07026
"old_gps",379,102.635724,18.012506
"old_gps",380,102.614162,18.002913
"old_gps",382,102.768652,18.162045
"old_gps",383,102.626098,17.953923
"old_gps",388,102.638681,17.978092
"old_gps",391,102.638022,18.023228
"old_gps",395,102.532435,17.9894
"old_gps",396,102.645148,17.922532
"old_gps",397,102.617862,17.900668
"old_gps",409,102.630402,17.96218
"old_gps",411,102.629089,18.0126
"old_gps",418,102.666928,17.98639
"old_gps",420,102.688015,18.007902
"old_gps",421,102.629586,17.946602
"old_gps",428,102.636078,17.921786
"old_gps",440,102.648866,17.873586
"old_gps",441,102.629155,17.977999
"old_gps",453,102.635306,17.961754
"old_gps",454,102.625336,17.957291
"old_gps",459,102.614431,18.010525
"old_gps",464,102.746951,17.892821
"old_gps",467,102.593297,17.967185
"old_gps",472,102.696026,18.09251
"old_gps",473,102.524929,17.98085
"old_gps",482,102.641222,17.890689
"old_gps",484,102.687178,18.008926
"old_gps",485,102.600739,17.9642
"old_gps",486,102.632663,18.028897
"old_gps",489,102.629148,18.035685
"old_gps",490,102.570653,18.043075
"old_gps",497,102.630674,18.025926
"old_gps",498,102.782381,17.963547
"old_gps",507,102.591824,18.002191
"old_gps",513,102.874008,18.048081
"old_gps",515,102.641658,17.912317
"old_gps",517,102.614151,18.002918
"old_gps",518,102.63749,17.918734
"old_gps",520,102.590365,18.001624
"old_gps",521,102.577181,18.026955
"old_gps",522,102.706774,18.1232
"old_gps",530,102.694937,18.089416
"old_gps",533,102.594511,18.004246
"old_gps",537,102.704409,17.951472
"old_gps",539,102.616058,17.983367
"old_gps",542,102.627262,17.90601
"old_gps",545,102.628756,17.988772
"old_gps",553,102.665814,17.970964
"old_gps",554,102.536932,17.998876
"old_gps",555,102.878882,18.048665
"old_gps",558,102.611396,17.991614
"old_gps",559,102.62764,18.020519
"old_gps",560,102.63543,17.984361
"old_gps",581,102.668407,17.992828
"old_gps",582,102.647673,17.930172
"old_gps",583,102.701743,17.990596
"old_gps",584,103.006808,18.038768
"old_gps",586,103.006837,18.037702
"old_gps",589,102.66841,17.992816
"old_gps",592,102.632379,18.020152
"old_gps",597,102.61268,18.014577
"old_gps",621,102.627291,17.977759
"old_gps",624,102.637513,17.924815
"old_gps",627,102.920471,18.202742
"old_gps",629,102.657467,18.123868
"old_gps",633,102.637261,17.901103
"old_gps",636,102.736499,17.973472
"old_gps",640,102.629489,17.946367
"old_gps",643,102.736504,17.973469
"old_gps",647,102.628484,17.858532
"old_gps",654,102.63706,17.905047
"old_gps",655,102.640116,17.952386
"old_gps",657,102.665298,17.815637
"old_gps",659,102.640854,18.008083
"old_gps",661,102.645506,17.930803
"old_gps",665,102.92292,18.048769
"old_gps",668,102.690674,18.093126
"old_gps",677,102.641411,17.901611
"old_gps",679,102.619407,18.003457
"old_gps",687,102.688755,18.132191
"old_gps",688,102.684529,18.013564
"old_gps",689,102.702975,17.947343
"old_gps",692,102.630194,18.027351
"old_gps",694,102.626792,18.054162
"old_gps",703,102.658348,17.990509
"old_gps",707,102.610515,17.980157
"old_gps",711,102.703913,17.982991
"old_gps",716,102.646284,18.049952
"old_gps",717,102.635763,18.045362
"old_gps",720,102.786358,18.066154
"old_gps",722,102.919863,18.048087
"old_gps",723,102.639722,18.0085
"old_gps",724,102.648194,17.902249
"old_gps",732,102.888838,18.043466
"old_gps",739,102.629359,18.04496
"old_gps",740,102.64623,18.050906
"old_gps",744,102.623674,17.935975
"old_gps",746,102.664312,17.877802
"old_gps",747,102.619762,17.936234
"old_gps",748,102.930245,18.204568
"old_gps",751,102.705612,18.071126
"old_gps",754,102.668048,17.942211
"old_gps",757,102.637526,18.045324
"old_gps",758,102.667104,17.989292
"old_gps",763,102.615365,18.01411
"old_gps",766,102.682325,17.812641
"old_gps",768,102.930096,18.203112
"old_gps",772,102.645027,17.9331
"old_gps",775,102.809789,18.019955
"old_gps",783,102.624247,18.071887
"old_gps",784,102.572233,17.98515
"old_gps",785,102.681185,17.830101
"old_gps",786,102.651139,17.937557
"old_gps",792,102.678309,18.068132
"old_gps",793,102.749608,18.105556
"old_gps",797,102.774552,18.056502
"old_gps",798,102.660986,17.988453
"old_gps",800,102.684015,17.962351
"old_gps",802,102.630206,18.015044
"old_gps",803,102.630044,18.015074
"old_gps",808,102.631905,18.069851
"old_gps",812,102.918086,18.116759
"old_gps",813,102.625591,17.946354
"old_gps",814,102.774546,18.056498
"old_gps",815,102.654291,17.988734
"old_gps",816,102.807908,18.059019
"old_gps",820,102.921228,18.048405
"old_gps",822,102.635573,17.970904
"old_gps",825,102.628974,18.073888
"old_gps",840,102.636756,18.010664
"old_gps",841,102.612798,17.891491
"old_gps",849,102.637835,17.948868
"old_gps",852,102.610325,17.972691
"old_gps",856,102.585419,18.029986
"old_gps",863,102.708514,18.045228
"old_gps",867,102.810656,18.019779
"old_gps",868,102.729473,18.097038
"old_gps",870,102.594479,17.991012
"old_gps",875,102.665596,18.12711
"old_gps",879,102.61455,17.984026
"old_gps",881,102.650605,18.115527
"old_gps",890,102.810598,18.019534
"old_gps",892,102.684894,17.825902
"old_gps",893,102.617359,18.019361
"old_gps",895,102.613401,17.995037
"old_gps",896,102.659132,18.118884
"old_gps",897,102.859054,18.208826
"old_gps",898,102.659128,18.118884
"old_gps",901,102.778259,18.054521
"old_gps",904,102.623783,17.97403
"old_gps",908,102.639231,18.013117
"old_gps",911,102.94156,18.048241
"old_gps",915,102.635161,17.968873
"old_gps",916,102.749058,18.073157
"old_gps",917,102.67457,17.991576
"old_gps",923,102.664988,17.9914
"old_gps",924,102.607626,17.840676
"old_gps",930,102.680649,18.129918
"old_gps",931,102.935327,18.082717
"old_gps",934,102.729599,18.099009
"old_gps",935,102.570997,18.028609
"old_gps",936,102.60433,18.038374
"old_gps",937,102.645814,18.11109
"old_gps",938,102.641066,17.910044
"old_gps",940,102.504668,18.020304
"old_gps",941,102.496401,18.196384
"old_gps",943,102.665475,18.130644
"old_gps",948,102.649725,18.101915
"old_gps",951,102.66682,18.127865
"old_gps",952,102.812792,18.020942
"old_gps",954,102.64581,18.111095
"old_gps",955,102.689976,18.060413
"old_gps",956,102.674565,17.809428
"old_gps",957,102.693392,18.090416
"old_gps",963,102.75894,17.988822
"old_gps",965,102.793594,18.029232
"old_gps",970,102.612421,18.009732
"old_gps",971,102.702789,17.947937
"old_gps",973,102.61002,18.009729
"old_gps",975,102.689858,18.132609
"old_gps",979,102.677282,17.811752
"old_gps",980,102.65702,17.851162
"old_gps",981,102.761431,18.054289
"old_gps",982,102.174911,18.209073
"old_gps",983,102.972215,18.104024
"old_gps",989,102.613889,17.994261
"old_gps",990,102.63388,18.003577
"old_gps",995,102.618554,17.935734
"old_gps",996,102.618553,17.935737
"old_gps",998,102.666823,17.990761
"old_gps",1002,102.612134,18.049483
"old_gps",1004,102.682495,18.13085
"old_gps",1012,102.897634,18.209929
"old_gps",1014,102.666819,18.127862
"old_gps",1019,102.593765,18.037416
"old_gps",1021,102.826595,17.952788
"old_gps",1023,102.665886,18.066687
"old_gps",1027,102.641431,17.92652
"old_gps",1035,102.691725,18.131824
"old_gps",1037,102.755431,17.898592
"old_gps",1041,102.751487,18.085643
"old_gps",1042,102.281807,18.139769
"old_gps",1059,102.616633,17.996153
"old_gps",1061,102.620091,17.942588
"old_gps",1062,102.502874,18.146729
"old_gps",1063,102.665629,17.990431
"old_gps",1065,102.634507,17.946477
"old_gps",1067,102.635752,17.931121
"old_gps",1069,102.667555,17.955029
"old_gps",1071,102.616559,17.927962
"old_gps",1076,102.789286,18.006726
"old_gps",1078,102.808301,18.022368
"old_gps",1081,102.643826,17.832241
"old_gps",1082,102.704398,17.951465
"old_gps",1083,102.638897,17.952636
"old_gps",1084,102.682564,17.830504
"old_gps",1085,102.702937,17.98345
"old_gps",1087,102.661393,17.992978
"old_gps",1092,102.547898,18.030083
"old_gps",1095,102.658837,17.995145
"old_gps",1100,102.896291,18.210869
"old_gps",1112,102.896644,18.209988
"old_gps",1114,102.878753,18.187929
"old_gps",1121,102.667735,17.906287
"old_gps",1123,102.671738,18.000157
"old_gps",1124,102.664755,17.991056
"old_gps",1125,102.729492,18.098661
"old_gps",1128,102.526782,18.022117
"old_gps",1130,102.746157,18.28124
"old_gps",1132,102.610157,18.045019
"old_gps",1133,102.641329,17.912915
"old_gps",1139,102.636945,17.898483
"old_gps",1149,102.793281,18.031607
"old_gps",1150,102.788803,18.027594
"old_gps",1151,102.643491,17.910877
"old_gps",1154,102.738932,18.049825
"old_gps",1155,102.731197,18.115118
"old_gps",1156,102.686511,18.132108
"old_gps",1157,102.914322,18.118299
"old_gps",1160,102.703913,17.95244
"old_gps",1163,102.587517,18.030841
"old_gps",1165,102.708168,18.122653
"old_gps",1166,102.614598,17.990851
"old_gps",1172,102.858191,18.106557
"old_gps",1174,102.498908,18.218778
"old_gps",1175,102.632655,17.955893
"old_gps",1177,102.637119,18.02288
"old_gps",1179,102.636463,18.011074
"old_gps",1180,102.636458,18.011081
"old_gps",1184,102.630444,18.016945
"old_gps",1190,102.652758,18.113801
"old_gps",1198,102.62807,18.12017
"old_gps",1199,102.606461,18.040177
"old_gps",1205,102.618476,17.925236
"old_gps",1206,102.681881,17.83036
"old_gps",1207,102.743112,18.049479
"old_gps",1211,102.707738,18.123181
"old_gps",1214,102.816089,18.042207
"old_gps",1215,102.669862,17.953968
"old_gps",1216,102.606221,18.040546
"old_gps",1220,102.538026,18.000553
"old_gps",1222,102.634766,17.989976
"old_gps",1223,102.70774,18.123169
"old_gps",1227,102.649622,18.053801
"old_gps",1231,102.640917,18.049289
"old_gps",1232,102.611816,18.018585
"old_gps",1233,102.235588,18.219604
"old_gps",1236,102.626585,17.943809
"old_gps",1241,102.65249,18.094113
"old_gps",1242,102.622754,17.952898
"old_gps",1244,102.668456,18.005521
"old_gps",1245,102.615997,17.983377
"old_gps",1247,102.675145,18.002384
"old_gps",1249,102.611815,18.041294
"old_gps",1250,102.602869,18.040458
"old_gps",1252,102.623194,18.07743
"old_gps",1253,102.788661,18.062829
"old_gps",1256,102.647247,17.930117
"old_gps",1257,102.681853,17.830285
"old_gps",1263,102.630801,18.016084
"old_gps",1265,102.601216,18.039601
"old_gps",1267,102.46669,18.16751
"old_gps",1269,102.668456,18.129478
"old_gps",1279,102.233608,18.215238
"old_gps",1280,102.64733,17.899734
"old_gps",1281,102.634297,17.956112
"old_gps",1282,102.690037,18.060451
"old_gps",1284,102.649342,17.829399
"old_gps",1285,102.649355,17.829386
"old_gps",1286,102.666115,18.066545
"old_gps",1293,102.623276,17.944429
"old_gps",1294,102.664926,17.991031
"old_gps",1298,102.616597,17.927974
"old_gps",1303,102.610892,18.050673
"old_gps",1311,102.67162,17.970315
"old_gps",1312,102.880233,18.042486
"old_gps",1313,102.657653,17.985691
"old_gps",1314,102.623032,18.072601
"old_gps",1318,102.707852,18.122386
"old_gps",1323,102.517393,17.987772
"old_gps",1325,102.640062,17.958698
"old_gps",1326,102.629833,17.996328
"old_gps",1330,102.614022,18.022236
"old_gps",1331,102.505133,18.107097
"old_gps",1334,102.671138,17.987386
"old_gps",1335,102.64788,17.905872
"old_gps",1336,102.690203,18.004647
"old_gps",1337,102.637694,18.01072
"old_gps",1340,102.631926,18.047989
"old_gps",1346,102.61242,18.009716
"old_gps",1348,102.740698,18.058554
"old_gps",1349,102.708301,18.122176
"old_gps",1351,102.622903,18.078332
"old_gps",1353,102.560899,18.062434
"old_gps",1357,102.641172,17.975294
"old_gps",1358,102.6295,18.033684
"old_gps",1362,102.703042,17.983705
"old_gps",1364,102.630436,18.048971
"old_gps",1365,102.89508,18.211336
"old_gps",1367,102.640061,18.012729
"old_gps",1391,102.66446,17.991283
"old_gps",1395,102.613824,17.983923
"old_gps",1398,102.640422,18.016137
"old_gps",1400,102.636579,17.985741
"old_gps",1407,102.594634,18.006039
"old_gps",1411,102.623286,17.980128
"old_gps",1417,102.613902,18.000846
"old_gps",1419,102.874157,18.132151
"old_gps",1424,102.618572,17.935376
"old_gps",1428,102.666218,17.972118
"old_gps",1432,102.788891,18.006017
"old_gps",1433,102.788874,18.006002
"old_gps",1435,102.627068,17.896704
"old_gps",1437,102.624668,17.961682
"old_gps",1439,102.615908,17.933548
"old_gps",1443,102.623471,17.942292
"old_gps",1445,102.577496,17.969391
"old_gps",1448,102.633074,17.998564
"old_gps",1451,102.629504,18.033679
"old_gps",1453,102.632951,17.989804
"old_gps",1454,102.615965,18.015825
"old_gps",1455,102.613865,17.989124
"old_gps",1456,102.669921,18.039427
"old_gps",1466,102.628908,18.018789
"old_gps",1472,102.605657,17.989213
"old_gps",1474,102.737797,18.120846
"old_gps",1476,102.625739,18.011078
"old_gps",1481,102.665421,17.991626
"old_gps",1487,102.745841,18.087535
"old_gps",1489,102.644129,17.905004
"old_gps",1490,102.64527,18.023593
"old_gps",1492,102.839692,17.966846
"old_gps",1494,102.636363,17.898963
"old_gps",1496,102.650466,17.924913
"old_gps",1499,102.663812,18.067469
"old_gps",1501,102.542253,18.089346
"old_gps",1503,102.618824,17.898206
"old_gps",1504,102.499491,18.172411
"old_gps",1511,102.627033,17.95398
"old_gps",1515,102.61908,17.900301
"old_gps",1517,102.942423,18.049658
"old_gps",1519,102.626764,18.126989
"old_gps",1523,102.641177,17.867853
"old_gps",1526,102.666194,18.130762
"old_gps",1529,102.551723,17.981626
"old_gps",1530,102.632287,17.913018
"old_gps",1531,102.703691,17.941357
"old_gps",1532,102.658111,17.993304
"old_gps",1545,102.242105,18.219375
"old_gps",1547,102.575583,18.061835
"old_gps",1548,102.631891,18.047951
"old_gps",1554,102.747367,18.073479
"old_gps",1561,102.613178,17.975818
"old_gps",1564,102.64,17.994158
"old_gps",1566,102.820365,18.059882
"old_gps",1567,102.636355,18.011494
"old_gps",1568,102.604977,18.03647
"old_gps",1569,102.729804,18.115264
"old_gps",1570,102.673717,18.00746
"old_gps",1572,102.605237,18.038037
"old_gps",1576,102.619005,18.02289
"old_gps",1578,102.622883,17.981071
"old_gps",1579,102.630275,17.955471
"old_gps",1580,102.642953,18.014563
"old_gps",1584,102.617668,18.186693
"old_gps",1585,102.673258,18.007241
"old_gps",1586,102.640935,17.947369
"old_gps",1588,102.641734,18.0157
"old_gps",1589,102.59244,17.996579
"old_gps",1597,102.644346,17.916119
"old_gps",1598,102.667008,17.991121
"old_gps",1599,102.637089,17.952357
"old_gps",1604,102.634214,17.945979
"old_gps",1606,102.599472,18.038475
"old_gps",1607,102.637024,17.938388
"old_gps",1611,102.669265,18.042077
"old_gps",1612,102.630345,18.02607
"old_gps",1618,102.566198,18.062209
"old_gps",1619,102.817366,18.114923
"old_gps",1622,102.772992,18.169467
"old_gps",1627,102.683919,17.981205
"old_gps",1628,102.969094,18.100313
"old_gps",1629,102.635583,17.979079
"old_gps",1630,102.792565,18.01236
"old_gps",1634,102.635928,17.910679
"old_gps",1635,102.648821,17.932392
"old_gps",1637,102.631544,17.959641
"old_gps",1640,102.673628,17.999362
"old_gps",1641,102.679519,17.979254
"old_gps",1644,102.597799,17.972173
"old_gps",1656,102.776946,18.055376
"old_gps",1658,102.914302,18.116926
"old_gps",1659,102.648684,18.018584
"old_gps",1661,102.61067,17.99233
"old_gps",1675,102.612852,17.98405
"old_gps",1677,102.630182,18.063798
"old_gps",1682,102.634876,18.010524
"old_gps",1685,102.627078,18.054605
"old_gps",1686,102.618581,18.021771
"old_gps",1687,102.620159,18.070689
"old_gps",1692,102.630921,17.9127
"old_gps",1696,102.632054,17.985953
"old_gps",1697,102.619433,17.934363
"old_gps",1703,102.636119,17.923256
"old_gps",1709,102.64349,17.929402
"old_gps",1712,102.679104,17.86427
"old_gps",1716,102.636365,17.983994
"old_gps",1719,102.595941,18.038413
"old_gps",1720,102.638298,17.962729
"old_gps",1729,102.597333,17.970818
"old_gps",1731,102.476074,18.11632
"old_gps",1736,102.618936,17.956252
"old_gps",1737,102.646083,18.0288
"old_gps",1742,102.621611,17.952696
"old_gps",1754,102.609609,17.991206
"old_gps",1776,102.785906,18.062958
"old_gps",1778,102.614921,18.00175
"old_gps",1782,102.635286,17.971245
"old_gps",1784,102.612566,18.01217
"old_gps",1796,102.6858,17.981856
"old_gps",1797,102.681206,17.982263
"old_gps",1798,102.640508,17.894536
"old_gps",1803,102.630921,17.912699
"old_gps",1804,102.616294,17.971777
"old_gps",1808,102.821868,18.134785
"old_gps",1809,102.629319,17.970022
"old_gps",1810,102.775013,18.056059
"old_gps",1811,102.622069,17.990357
"old_gps",1815,102.670543,17.957806
"old_gps",1819,102.587082,18.031036
"old_gps",1822,102.62953,18.003853
"old_gps",1824,102.652466,17.938268
"old_gps",1825,102.64704,17.87923
"old_gps",1827,102.630924,17.912695
"old_gps",1828,102.597448,18.005046
"old_gps",1831,102.622064,17.953659
"old_gps",1838,102.61048,17.979799
"old_gps",1839,102.670948,17.989677
"old_gps",1845,102.601773,17.995477
"old_gps",1846,102.582105,17.971647
"old_gps",1848,102.624296,17.933726
"old_gps",1862,102.663845,17.991351
"old_gps",1869,102.663629,18.059378
"old_gps",1896,102.610014,18.009694
"old_gps",1901,102.660268,17.969946
"old_gps",1910,102.639119,17.902338
"old_gps",1912,102.643801,17.929709
"old_gps",1917,102.617581,17.979722
"old_gps",1921,102.628699,17.998726
"old_gps",1933,102.676116,18.006742
"old_gps",1940,102.639776,17.971202
"old_gps",1948,102.632159,17.98596
"old_gps",1956,102.598537,18.00586
"old_gps",1960,102.634842,18.010548
"old_gps",1967,102.629588,18.064359
"old_gps",1968,102.628172,18.033926
"old_gps",1973,102.659288,17.986939
"old_gps",1978,102.581953,17.982926
"old_gps",1989,102.636486,17.9307
"old_gps",2007,102.625062,17.948159
"old_gps",2017,102.648958,17.93338
"old_gps",2020,102.6282,18.021426
"old_gps",2024,102.619487,17.976862
"old_gps",2039,102.666204,18.080722
"old_gps",2043,102.619019,17.976946
"old_gps",2048,102.613934,17.975477
"old_gps",2049,102.607253,17.991301
"old_gps",2060,102.623164,17.982312
"old_gps",2062,102.650338,17.923957
"old_gps",2077,102.638687,17.944756
"old_gps",2080,102.626679,17.902964
"old_gps",2095,102.634896,18.012424
"old_gps",2108,102.601498,17.978285
"old_gps",2109,102.625298,17.989942
"old_gps",2116,102.597366,18.005361
"old_gps",2121,102.60623,17.988322
"old_gps",2126,102.624331,17.914266
"old_gps",2137,102.615324,17.982245
"old_gps",2142,102.666899,18.062076
"old_gps",2143,102.470413,18.17295
"old_gps",2145,102.670212,17.998362
"old_gps",2150,102.626305,17.902965
"old_gps",2152,102.637941,18.026128
"old_gps",2154,102.687097,18.058245
"old_gps",2157,102.619298,17.957115
"old_gps",2159,102.724556,17.889512
"old_gps",2161,102.571717,18.034894
"old_gps",2164,102.621699,17.954168
"old_gps",2167,102.618328,17.957915
"old_gps",2168,102.627854,18.004436
"old_gps",2169,102.685364,17.980946
"old_gps",2172,102.643656,18.019607
"old_gps",2175,102.632706,17.992263
"old_gps",2177,102.627875,18.049421
"old_gps",2181,102.627885,18.04943
"old_gps",2183,102.637746,18.046071
"old_gps",2186,102.666115,18.011235
"old_gps",2189,102.704944,18.073731
"old_gps",2193,102.618152,17.982639
"old_gps",2195,102.643284,18.019776
"old_gps",2197,102.919888,17.997469
"old_gps",2200,102.631298,18.055717
"old_gps",2201,102.582126,17.971603
"old_gps",2205,102.638737,17.838112
"old_gps",2207,102.643677,18.019963
"old_gps",2208,102.625638,17.934875
"old_gps",2210,102.623546,18.078385
"old_gps",2211,102.62416,17.961573
"old_gps",2214,102.626843,17.953114
"old_gps",2218,102.625603,17.99487
"old_gps",2220,102.653842,17.984996
"old_gps",2250,102.607859,17.982544
"old_gps",2251,102.585768,17.98755
"old_gps",2252,102.677106,18.003133
"old_gps",2259,102.579853,17.978869
"old_gps",2267,102.610895,18.04394
"old_gps",2281,102.66207,17.904844
"old_gps",2282,102.584752,17.980918
"old_gps",2283,102.621892,17.994304
"old_gps",2284,102.636039,17.973114
"old_gps",2293,102.729436,17.891709
"old_gps",2295,102.626261,18.031428
"old_gps",2297,102.614301,18.020407
"old_gps",2303,102.635064,18.006263
"old_gps",2315,102.703104,17.955853
"old_gps",2317,102.614875,17.990881
"old_gps",2323,102.626937,18.038205
"old_gps",2328,102.67557,18.006169
"old_gps",2337,102.631405,17.912078
"old_gps",2352,102.635874,17.944115
"old_gps",2356,102.615632,17.873716
"old_gps",2369,102.618063,17.981593
"old_gps",2375,102.63076,18.003977
"old_gps",2382,102.641398,18.063477
"old_gps",2384,102.625662,17.976397
"old_gps",2385,102.638075,17.960743
"old_gps",2386,102.638072,17.960733
"old_gps",2387,102.775324,18.168286
"old_gps",2391,102.643911,17.932997
"old_gps",2395,102.530676,18.006568
"old_gps",2401,102.643848,18.021604
"old_gps",2402,102.621917,17.920369
"old_gps",2416,102.669678,17.989423
"old_gps",2419,102.644163,18.019643
"old_gps",2421,102.626256,17.957221
"old_gps",2423,102.605662,18.001313
"old_gps",2430,102.663567,17.992405
"old_gps",2437,102.673443,17.999239
"old_gps",2438,102.604238,18.00518
"old_gps",2439,102.626702,18.026098
"old_gps",2443,102.629479,18.03249
"old_gps",2444,102.588846,17.968913
"old_gps",2445,102.623612,17.993476
"old_gps",2448,102.632724,17.991927
"old_gps",2449,102.646691,18.051126
"old_gps",2456,102.62497,18.001974
"old_gps",2463,102.630943,17.977534
"old_gps",2474,102.664232,17.90774
"old_gps",2475,102.653811,17.98254
"old_gps",2478,102.633621,17.957839
"old_gps",2482,102.622813,18.028974
"old_gps",2490,102.60758,18.036634
"old_gps",2491,102.63754,17.977633
"old_gps",2494,102.602771,17.973677
"old_gps",2499,102.624885,17.983325
"old_gps",2503,102.632044,18.021925
"old_gps",2505,102.628594,17.995103
"old_gps",2506,102.645138,17.933159
"old_gps",2508,102.642393,17.946921
"old_gps",2510,102.628145,17.967887
"old_gps",2512,102.651234,17.929553
"old_gps",2534,102.627358,17.930224
"old_gps",2536,102.616676,17.961593
"old_gps",2537,102.657147,17.971657
"old_gps",2538,102.636089,17.964494
"old_gps",2549,102.608763,17.999549
"old_gps",2555,102.644745,18.031162
"old_gps",2560,102.573612,18.043466
"old_gps",2563,102.665983,18.080475
"old_gps",2565,102.636617,18.032178
"old_gps",2568,102.596424,17.969761
"old_gps",2569,102.565288,18.006691
"old_gps",2570,102.614613,17.992943
"old_gps",2581,102.62323,17.958575
"old_gps",2583,102.641106,17.97909
"old_gps",2590,102.602798,17.995236
"old_gps",2591,102.622984,18.000968
"old_gps",2602,102.657149,18.00116
"old_gps",2606,102.633273,17.954443
"old_gps",2616,102.628597,18.001402
"old_gps",2623,102.622808,17.955247
"old_gps",2627,102.635456,17.987433
"old_gps",2628,102.629557,18.001496
"old_gps",2630,102.626175,17.989673
"old_gps",2631,102.533601,18.01756
"old_gps",2632,102.615779,18.014201
"old_gps",2635,102.627467,18.020817
"old_gps",2668,102.637002,17.969811
"old_gps",2676,102.598994,18.006917
"old_gps",2677,102.62106,17.963248
"old_gps",2684,102.63889,17.969511
"old_gps",2685,102.663031,17.878245
"old_gps",2688,102.628722,17.843483
"old_gps",2694,102.579808,17.97887
"old_gps",2697,102.614427,17.973952
"old_gps",2700,102.61443,17.973987
"old_gps",2703,102.63626,18.043664
"old_gps",2708,102.78275,18.259178
"old_gps",2712,102.624493,17.94165
"old_gps",2713,102.647481,17.829844
"old_gps",2714,102.642992,18.032054
"old_gps",2726,102.618705,17.958901
"old_gps",2738,102.614226,18.014711
"old_gps",2739,102.643938,18.027589
"old_gps",2741,102.652149,17.924738
"old_gps",2744,102.65308,17.975053
"old_gps",2748,102.618375,17.958082
"old_gps",2754,102.676936,17.992211
"old_gps",2756,102.657858,18.12409
"old_gps",2757,102.647771,17.93185
"old_gps",2760,102.502124,18.169752
"old_gps",2769,102.529217,17.991432
"old_gps",2771,102.617064,18.048118
"old_gps",2778,102.585316,18.030852
"old_gps",2792,102.6439,18.032134
"old_gps",2794,102.542368,18.03126
"old_gps",2801,102.622109,18.01347
"old_gps",2815,102.62554,18.02727
"old_gps",2823,102.602493,17.966125
"old_gps",2849,102.615703,18.009896
"old_gps",2860,102.645904,18.046383
"old_gps",2861,102.682481,17.874043
"old_gps",2865,102.583801,17.983324
"old_gps",2890,102.664989,17.990783
"old_gps",2939,102.632219,17.986055
"old_gps",3021,102.549503,18.040701
"old_gps",3027,102.551067,18.040443
"old_gps",3048,102.656866,17.967322
"old_gps",3049,102.661012,18.119497
"old_gps",3082,102.638556,17.998252
"old_gps",3127,102.638544,17.997532
"old_gps",3168,102.60454,17.973094
"old_gps",3186,102.5923,17.996863
"old_gps",3187,102.632606,17.952417
"old_gps",3194,102.603264,18.003175
"old_gps",3195,102.660383,17.984603
"old_gps",3200,102.63232,18.040305
"old_gps",3201,102.636425,18.041851
"old_gps",3202,102.637941,17.998907
"old_gps",3204,102.674653,17.988048
"old_gps",3207,102.660314,17.984614
"old_gps",3208,102.654482,17.972887
"old_gps",3213,102.64629,17.997212
"old_gps",3214,102.674083,17.988763
"old_gps",3216,102.658013,17.982739
"old_gps",3228,102.658727,17.968532
"old_gps",3231,102.590899,17.976167
"old_gps",3251,102.629485,17.979736
"old_gps",3252,102.639479,18.013
"old_gps",3254,102.639423,18.012994
"old_gps",3562,102.608017,17.972659
"new_gps",3066,102.666352,17.985449
"new_gps",3256,102.579237,18.027658
"new_gps",3257,102.60868,17.997558
"new_gps",3259,102.638865,17.999033
"new_gps",3267,102.579702,18.02806
"new_gps",3268,102.627944,18.038052
"new_gps",3273,102.632411,18.041362
"new_gps",3274,102.595226,17.973995
"new_gps",3281,102.661273,18.009323
"new_gps",3286,102.64144,18.047601
"new_gps",3287,102.622596,17.993969
"new_gps",3288,102.648107,18.005038
"new_gps",3289,102.605902,17.972728
"new_gps",3294,102.579097,18.028438
"new_gps",3297,102.616835,17.915397
"new_gps",3305,102.634758,17.963123
"new_gps",3307,102.61543,17.959561
"new_gps",3310,102.607624,17.999367
"new_gps",3312,102.623083,18.005645
"new_gps",3319,102.579349,18.027701
"new_gps",3320,102.621788,17.976804
"new_gps",3323,102.643966,18.017997
"new_gps",3324,102.604134,18.002516
"new_gps",3325,102.644767,18.0182
"new_gps",3326,102.6402,18.060314
"new_gps",3334,102.631757,18.040105
"new_gps",3335,102.631651,18.03949
"new_gps",3343,102.606977,17.980965
"new_gps",3346,102.636886,17.990659
"new_gps",3350,102.604033,17.966105
"new_gps",3353,102.629768,18.006684
"new_gps",3354,102.623608,18.005755
"new_gps",3355,102.631663,18.044253
"new_gps",3356,102.665257,17.979088
"new_gps",3358,102.661134,17.988996
"new_gps",3359,102.667019,17.986384
"new_gps",3361,102.63252,18.042107
"new_gps",3362,102.631879,18.039981
"new_gps",3366,102.645143,18.018111
"new_gps",3367,102.63063,18.053697
"new_gps",3374,102.611155,17.978705
"new_gps",3375,102.645321,18.018496
"new_gps",3376,102.644766,18.022589
"new_gps",3378,102.633979,18.010687
"new_gps",3391,102.639519,18.028604
"new_gps",3392,102.608614,17.984233
"new_gps",3393,102.608585,17.984227
"new_gps",3401,102.582032,17.984935
"new_gps",3402,102.632894,18.040213
"new_gps",3413,102.626455,18.007519
"new_gps",3414,102.641497,18.047519
"new_gps",3417,102.620068,17.92234
"new_gps",3419,102.64075,18.017533
"new_gps",3420,102.609235,18.00712
"new_gps",3421,102.607016,18.004013
"new_gps",3426,102.605575,17.971194
"new_gps",3427,102.63778,18.043149
"new_gps",3428,102.62438,17.967178
"new_gps",3430,102.632459,18.042012
"new_gps",3431,102.609338,17.975767
"new_gps",3432,102.658695,17.965826
"new_gps",3433,102.629504,17.997891
"new_gps",3434,102.66566,18.003074
"new_gps",3438,102.624366,17.96718
"new_gps",3439,102.624365,17.967175
"new_gps",3444,102.666346,17.993178
"new_gps",3447,102.624034,17.931945
"new_gps",3456,102.648738,18.025358
"new_gps",3457,102.642831,18.02871
"new_gps",3458,102.645259,18.033293
"new_gps",3459,102.601724,17.965998
"new_gps",3460,102.601719,17.966027
"new_gps",3465,102.629662,18.00383
"new_gps",3469,102.629565,18.004334
"new_gps",3475,102.618498,17.984503
"new_gps",3476,102.546327,18.042292
"new_gps",3480,102.673879,17.901976
"new_gps",3483,102.604851,18.013394
"new_gps",3489,102.620898,17.992605
"new_gps",3491,102.655122,18.000247
"new_gps",3496,102.638318,17.992079
"new_gps",3497,102.638272,17.992063
"new_gps",3498,102.813159,18.135044
"new_gps",3499,102.619875,18.021816
"new_gps",3500,102.61989,18.021849
"new_gps",3501,102.619861,18.021834
"new_gps",3502,102.638269,18.044536
"new_gps",3506,102.657438,17.998332
"new_gps",3507,102.60197,17.977055
"new_gps",3509,102.652305,18.008309
"new_gps",3510,102.638266,18.044538
"new_gps",3519,102.67064,18.005895
"new_gps",3524,102.60902,17.974202
"new_gps",3527,102.63768,17.991641
"new_gps",3534,102.609196,18.037997
"new_gps",3535,102.668346,18.068015
"new_gps",3536,102.63915,17.981559
"new_gps",3537,102.658327,17.98591
"new_gps",3538,102.636393,17.947499
"new_gps",3548,102.668629,18.129495
"new_gps",3549,102.524547,18.043905
"new_gps",3563,102.631696,18.002788
"new_gps",3564,102.638746,17.992238
"new_gps",3575,102.660904,18.049019
"new_gps",3576,102.651748,17.923486
"new_gps",3585,102.651743,17.92349
"new_gps",3586,102.651463,17.922834
"new_gps",3588,102.64508,17.893155
"new_gps",3601,102.652268,18.174534
"new_gps",3605,102.653114,17.997397
"new_gps",3607,102.6367,18.01163
"new_gps",3608,102.654472,17.982838
"new_gps",3643,102.634673,18.042678
"new_gps",3648,102.634696,18.042691
"new_gps",3684,102.614464,18.009767
"new_gps",3692,102.597542,18.041911
"new_gps",3694,102.597085,18.041973
"new_gps",3698,102.52059,17.97731
"new_gps",3720,102.721181,17.914189
"new_gps",3759,102.638237,17.948889
"new_gps",3760,102.639869,17.945716
"new_gps",3762,102.639542,17.945289
"new_gps",3767,102.639491,17.945268
"new_gps",3769,102.639504,17.945272
"new_gps",3770,102.639485,17.945261
"new_gps",3771,102.639489,17.94527
"new_gps",3779,102.639452,17.945265
"new_gps",3780,102.639453,17.945248
"new_gps",3781,102.63945,17.945268
"new_gps",3782,102.639452,17.945262
"new_gps",3786,102.639455,17.945252
"new_gps",3796,102.639472,17.945274
"new_gps",3797,102.639467,17.94528
"new_gps",3799,102.639475,17.945286
"new_gps",3801,102.639474,17.945289
"new_gps",3802,102.639477,17.945291
"new_gps",3831,102.639645,17.945242
"new_gps",3850,102.74872,18.073854
"new_gps",3855,102.646757,17.878928
"new_gps",3869,102.615649,18.061868
"new_gps",3870,102.616666,17.962198
"new_gps",3872,102.639616,17.945385
"new_gps",3896,102.606372,18.040245
"new_gps",3908,102.620201,17.986029
"new_gps",3924,102.689852,17.959114
"new_gps",3925,102.632132,18.010787
"new_gps",3932,102.621482,18.002807
"new_gps",3944,102.652632,17.873389
"new_gps",3950,102.620886,17.883502
"new_gps",3953,102.632113,18.035078
"new_gps",3955,102.637271,18.004495
"new_gps",3960,102.589676,17.974792
"new_gps",3978,102.651756,18.003674
"new_gps",3980,102.728205,17.886332
"new_gps",3984,102.547408,17.976291
"new_gps",3988,102.634957,18.010382
"new_gps",3992,102.6509,17.925261
"new_gps",3996,102.645503,17.927071
"new_gps",3997,102.635584,18.004922
"new_gps",4003,102.728167,17.886344
"new_gps",4013,102.625871,17.929864
"new_gps",4014,102.616198,17.99697
"new_gps",4015,102.647976,18.011324
"new_gps",4018,102.636157,17.938146
"new_gps",4025,102.63565,18.004896
"new_gps",4037,102.625862,17.92985
"new_gps",4041,102.623406,17.956252
"new_gps",4043,102.498947,18.015235
"new_gps",4062,102.669024,18.047541
"new_gps",4063,102.664949,18.124238
"new_gps",4064,102.665322,17.906701
"new_gps",4067,102.665328,17.906707
"new_gps",4068,102.638732,18.013448
"new_gps",4088,102.672588,17.892954
"new_gps",4100,103.057311,18.187138
"new_gps",4108,102.68672,17.981695
"new_gps",4110,102.636083,17.979365
"new_gps",4112,102.619951,17.914194
"new_gps",4115,102.66252,17.989218
"new_gps",4116,102.618074,17.913752
"new_gps",4117,102.629236,18.012528
"new_gps",4128,102.656001,18.111586
"new_gps",4129,102.638353,18.003773
"new_gps",4130,102.626505,18.018318
"new_gps",4132,102.643355,17.930053
"new_gps",4133,102.652295,17.877092
"new_gps",4134,102.686719,17.981665
"new_gps",4136,102.66753,17.951328
"new_gps",4142,102.665763,18.1253
"new_gps",4143,102.665782,18.125284
"new_gps",4144,102.6658,18.125299
"new_gps",4146,102.642762,18.022596
"new_gps",4150,102.66578,18.125266
"new_gps",4151,102.665766,18.125266
"new_gps",4153,102.647431,18.01196
"new_gps",4154,102.637561,18.004305
"new_gps",4155,102.646709,17.938927
"new_gps",4156,102.664507,17.905662
"new_gps",4159,102.637415,18.004074
"new_gps",4160,102.656975,18.112656
"new_gps",4169,102.665451,17.904542
"new_gps",4170,102.665434,17.904533
"new_gps",4171,102.629026,18.018763
"new_gps",4172,102.670201,17.988683
"new_gps",4176,102.666229,18.125386
"new_gps",4178,102.665771,18.125268
"new_gps",4195,102.687053,17.982018
"new_gps",4209,102.656027,18.111606
"new_gps",4212,102.631755,18.017225
"new_gps",4213,102.60831,17.996283
"new_gps",4215,102.604847,17.970786
"new_gps",4227,102.658822,18.003899
"new_gps",4231,102.640464,18.012904
"new_gps",4238,102.570323,18.041854
"new_gps",4241,102.634939,18.013664
"new_gps",4244,102.637465,18.004334
"new_gps",4263,102.729369,18.16947
"new_gps",4267,102.688792,18.055891
"new_gps",4268,102.62902,18.01275
"new_gps",4270,102.671707,17.901626
"new_gps",4275,102.668431,17.984307
"new_gps",4277,102.638335,17.998015
"new_gps",4281,102.657504,17.984261
"new_gps",4292,102.629443,18.004266
"new_gps",4293,102.657321,17.983878
"new_gps",4296,102.650475,17.934741
"new_gps",4298,102.651319,18.001408
"new_gps",4299,102.631526,18.016881
"new_gps",4302,102.631655,18.002917
"new_gps",4303,102.654502,18.015323
"new_gps",4307,102.662848,17.981532
"new_gps",4308,102.648687,18.112924
"new_gps",4309,102.626182,18.063404
"new_gps",4312,102.663002,17.904954
"new_gps",4313,102.664239,17.905867
"new_gps",4321,102.639667,17.945467
"new_gps",4328,102.65623,18.112342
"new_gps",4335,102.63887,18.001676
"new_gps",4340,102.650392,18.112758
"new_gps",4351,102.641713,18.046317
"new_gps",4354,103.058321,18.176894
"new_gps",4355,102.648624,18.012681
"new_gps",4356,102.625132,17.986344
"new_gps",4357,102.613941,17.990777
"new_gps",4358,102.599969,17.987294
"new_gps",4359,102.61356,17.990927
"new_gps",4364,102.636105,17.954958
"new_gps",4366,102.663057,17.905507
"new_gps",4367,102.664193,17.90571
"new_gps",4384,102.637932,18.046617
"new_gps",4387,102.614478,18.010489
"new_gps",4388,102.632559,18.037438
"new_gps",4389,102.613646,17.990878
"new_gps",4390,102.62563,18.00299
"new_gps",4394,102.612257,18.013839
"new_gps",4395,102.635291,18.01366
"new_gps",4401,102.621949,17.929801
"new_gps",4406,102.671324,17.982648
"new_gps",4408,102.6523,18.112308
"new_gps",4416,102.588806,18.030822
"new_gps",4420,102.621709,18.019544
"new_gps",4442,102.631341,17.988288
"new_gps",4444,102.641908,17.946616
"new_gps",4445,102.631327,17.919932
"new_gps",4449,102.649492,18.111785
"new_gps",4459,102.654774,18.110142
"new_gps",4465,102.671182,17.982073
"new_gps",4466,102.671946,17.982969
"new_gps",4468,102.669862,17.989389
"new_gps",4469,102.669846,17.989439
"new_gps",4473,102.669791,17.989394
"new_gps",4474,102.669865,17.989399
"new_gps",4475,102.669861,17.989411
"new_gps",4489,102.640082,17.975738
"new_gps",4495,102.665983,17.990286
"new_gps",4498,102.626947,18.010009
"new_gps",4500,102.627434,17.905039
"new_gps",4501,102.661546,17.982285
"new_gps",4502,102.66149,17.982232
"new_gps",4513,102.611417,18.059964
"new_gps",4516,102.600252,17.974245
"new_gps",4517,102.633102,18.016548
"new_gps",4520,102.661521,17.982225
"new_gps",4524,102.642095,17.918479
"new_gps",4535,102.63048,18.012552
"new_gps",4536,102.643348,17.952583
"new_gps",4541,102.608549,17.970779
"new_gps",4553,102.619143,18.159259
"new_gps",4554,102.635753,18.019887
"new_gps",4555,102.65079,18.111287
"new_gps",4558,102.628883,18.004181
"new_gps",4563,102.642054,18.015493
"new_gps",4567,102.6546,18.109928
"new_gps",4571,102.668807,18.076191
"new_gps",4573,102.667628,17.983307
"new_gps",4575,102.629833,17.968311
"new_gps",4582,102.602769,18.005915
"new_gps",4600,102.625249,18.002255
"new_gps",4602,102.645926,18.019312
"new_gps",4604,102.632973,18.023883
"new_gps",4606,102.599127,17.85512
"new_gps",4609,102.600954,17.986285
"new_gps",4610,102.610178,18.009324
"new_gps",4616,102.669717,17.956234
"new_gps",4624,102.655406,18.110816
"new_gps",4625,102.633675,18.015077
"new_gps",4626,102.629549,17.983792
"new_gps",4627,102.613756,18.010036
"new_gps",4629,102.622854,17.983337
"new_gps",4631,102.473505,18.160099
"new_gps",4632,102.66048,18.118831
"new_gps",4638,102.615561,18.018678
"new_gps",4645,102.634087,18.006061
"new_gps",4646,102.629117,17.984129
"new_gps",4654,102.629598,18.006362
"new_gps",4655,102.649424,18.111454
"new_gps",4660,102.627039,18.030248
"new_gps",4661,102.654134,17.996543
"new_gps",4669,102.623176,17.93888
"new_gps",4670,102.630307,18.054068
"new_gps",4671,102.630929,18.055153
"new_gps",4681,102.668699,18.077455
"new_gps",4686,102.637208,18.014124
"new_gps",4689,102.667019,17.957682
"new_gps",4690,102.601095,18.039679
"new_gps",4694,102.627093,17.930461
"new_gps",4696,102.612881,18.012456
"new_gps",4697,102.656614,18.109462
"new_gps",4698,102.671624,17.983292
"new_gps",4713,102.629067,18.0127
"new_gps",4714,102.623928,18.016238
"new_gps",4719,102.649477,17.920194
"new_gps",4729,102.654885,17.979871
"new_gps",4733,102.632006,17.989006
"new_gps",4734,102.631728,18.039295
"new_gps",4736,102.663422,18.055676
"new_gps",4744,102.625719,18.002033
"new_gps",4745,102.616316,17.959849
"new_gps",4748,102.592126,17.989592
"new_gps",4756,102.628505,17.984535
"new_gps",4766,102.623934,17.912341
"new_gps",4773,102.571098,17.969267
"new_gps",4779,102.631397,18.063755
"new_gps",4811,102.613726,18.012815
"new_gps",4814,102.584702,17.9897
"new_gps",4815,102.63823,17.975095
"new_gps",4816,102.608938,17.991906
"new_gps",4830,102.616252,17.901674
"new_gps",4831,102.636544,17.951502
"new_gps",4832,102.631233,17.946268
"new_gps",4834,102.613826,17.99379
"new_gps",4839,102.622794,17.957014
"new_gps",4840,102.614003,17.895575
"new_gps",4843,102.619551,17.953984
"new_gps",4844,102.729726,18.117292
"new_gps",4845,102.661532,17.981665
"new_gps",4849,102.663097,17.994696
"new_gps",4877,102.683019,17.980135
"new_gps",4880,102.600386,17.998587
"new_gps",4881,102.666396,17.995224
"new_gps",4882,102.6757,18.006421
"new_gps",4886,102.618546,17.992148
"new_gps",4891,102.599727,17.973782
"new_gps",4892,102.591873,17.989189
"new_gps",4893,102.627731,18.045469
"new_gps",4896,102.670179,17.98985
"new_gps",4897,102.668123,18.005678
"new_gps",4917,102.631894,18.028982
"new_gps",4923,102.72938,18.169475
"new_gps",4925,102.62701,17.941336
"new_gps",4927,102.615337,17.997546
"new_gps",4930,102.64392,18.003497
"new_gps",4935,102.581226,17.974716
"new_gps",4937,102.641587,18.030083
"new_gps",4942,102.62087,18.019415
"new_gps",4952,102.58148,18.028586
"new_gps",4961,102.622773,17.955216
"new_gps",4967,102.670541,17.905419
"new_gps",4971,102.625864,18.026891
"new_gps",4974,102.661981,17.981324
"new_gps",4977,102.551362,17.986573
"new_gps",4980,102.666251,17.99513
"new_gps",4984,102.624361,17.960085
"new_gps",4987,102.537491,17.983669
"new_gps",4994,102.639333,17.878326
"new_gps",4995,102.631882,18.01818
"new_gps",4997,102.660672,18.119924
"new_gps",5010,102.620498,17.987804
"new_gps",5018,102.641882,18.047029
"new_gps",5019,102.628164,18.034722
"new_gps",5021,102.632011,18.018143
"new_gps",5024,102.618979,17.989386
"new_gps",5027,102.627481,18.04562
"new_gps",5028,102.587887,18.026877
"new_gps",5029,102.638551,18.02829
"new_gps",5031,102.648961,17.921971
"new_gps",5033,102.637269,17.961335
"new_gps",5037,102.616207,17.994095
"new_gps",5041,102.525229,17.984769
"new_gps",5042,102.6404,17.975884
"new_gps",5050,102.571873,17.969752
"new_gps",5052,102.571211,17.969969
"new_gps",5053,102.571216,17.969918
"new_gps",5060,102.703253,17.951551
"new_gps",5068,102.631957,17.988162
"new_gps",5086,102.612491,18.015496
"new_gps",5091,102.672155,18.008027
"new_gps",5092,102.608098,17.973928
"new_gps",5100,102.667227,18.007429
"new_gps",5103,102.668029,17.995245
"new_gps",5104,102.630054,18.003595
"new_gps",5108,102.665588,17.967898
"new_gps",5122,102.63692,18.012548
"new_gps",5125,102.703988,17.953878
"new_gps",5140,102.705094,18.070553
"new_gps",5146,102.641094,17.969837
"new_gps",5148,102.675719,18.003169
"new_gps",5150,102.641085,18.012619
"new_gps",5153,102.608747,18.003128
"new_gps",5157,102.65284,17.970328
"new_gps",5161,102.633452,17.948647
"new_gps",5165,102.664971,17.897768
"new_gps",5170,102.75132,18.164233
"new_gps",5176,102.599519,17.980105
"new_gps",5181,102.641601,18.012624
"new_gps",5192,102.639664,17.986755
"new_gps",5195,102.630912,17.996678
"new_gps",5196,102.640997,17.975273
"new_gps",5206,102.634814,18.031669
"new_gps",5207,102.645357,18.002293
"new_gps",5208,102.640713,18.034274
"new_gps",5209,102.584699,18.02966
"new_gps",5210,102.647915,18.112596
"new_gps",5211,102.633092,18.043703
"new_gps",5215,102.618532,17.907347
"new_gps",5217,102.65008,18.112903
"new_gps",5218,102.630139,18.004316
"new_gps",5219,102.641203,17.972615
"new_gps",5220,102.645055,17.871931
"new_gps",5221,102.664054,17.899753
"new_gps",5234,102.655533,17.979399
"new_gps",5250,102.448932,17.983265
"new_gps",5251,102.555811,17.984569
"new_gps",5252,102.625182,17.960107
"new_gps",5254,102.623991,17.942256
"new_gps",5272,102.446862,17.982966
"new_gps",5279,102.71612,17.88536
"new_gps",5287,102.447342,17.985786
"new_gps",5288,102.447615,17.983015
"new_gps",6959,102.652168,17.936959
"new_gps",6660,102.650722,17.929747
"new_gps",6478,102.646895,17.9137
"new_gps",7096,102.631556,17.920617
"new_gps",6062,102.638927,17.923708
"new_gps",6157,102.627402,17.918438
"new_gps",6499,102.623437,17.914779
"new_gps",6132,102.621044,17.909254
"new_gps",6661,102.618031,17.919942
"new_gps",7144,102.617131,17.927041
"new_gps",5983,102.621967,17.932244
"new_gps",6701,102.624743,17.942288
"new_gps",5379,102.622478,17.928279
"new_gps",5373,102.634333,17.950151
"new_gps",7327,102.624658,17.948553
"new_gps",6330,102.638495,17.945595
"new_gps",6244,102.637925,17.944748
"new_gps",6525,102.640181,17.949471
"new_gps",6453,102.624364,17.946812
"new_gps",6180,102.622521,17.962061
"new_gps",6199,102.624244,17.96668
"new_gps",7325,102.616225,17.96546
"new_gps",7181,102.958945,18.017252
"new_gps",6713,102.787301,18.064425
"new_gps",6796,102.791194,18.064168
"new_gps",6434,102.781399,18.14537
"new_gps",5894,102.780637,18.144623
"new_gps",5838,102.735043,18.050234
"new_gps",6426,102.755707,18.054134
"new_gps",6336,102.755431,18.055162
"new_gps",6217,102.717843,18.080877
"new_gps",6389,102.663366,18.050161
"new_gps",6093,102.632748,18.011768
"new_gps",7323,102.630909,18.01687
"new_gps",5573,102.62904,18.015599
"new_gps",6098,102.627899,18.014018
"new_gps",7015,102.623264,18.015605
"new_gps",5954,102.631404,18.010832
"new_gps",6516,102.639106,18.008859
"new_gps",7276,102.642746,18.007053
"new_gps",6628,102.653952,18.018714
"new_gps",6858,102.651772,18.029247
"new_gps",7173,102.644764,18.022075
"new_gps",7302,102.640591,18.032809
"new_gps",7176,102.638844,18.028071
"new_gps",7020,102.64093,18.035777
"new_gps",7121,102.631669,18.02788
"new_gps",7247,102.631801,18.028357
"new_gps",6089,102.625488,18.020732
"new_gps",5895,102.625704,18.020207
"new_gps",7322,102.630551,18.022247
"new_gps",6219,102.635728,18.031677
"new_gps",5554,102.665179,18.125794
"new_gps",5551,102.665144,18.125652
"new_gps",6352,102.626957,18.030337
"new_gps",6951,102.62682,18.03132
"new_gps",6657,102.630167,18.028568
"new_gps",6390,102.627387,18.025029
"new_gps",6894,102.626854,18.025477
"new_gps",6653,102.626693,18.02552
"new_gps",7303,102.626645,18.025636
"new_gps",6491,102.626617,18.025554
"new_gps",6728,102.641917,18.047015
"new_gps",6211,102.641676,18.049045
"new_gps",7214,102.642613,18.049452
"new_gps",6458,102.630321,18.066252
"new_gps",6142,102.630286,18.064329
"new_gps",7348,102.629311,18.064716
"new_gps",6461,102.63042,18.087101
"new_gps",6513,102.670449,18.07748
"new_gps",6509,102.662604,18.084662
"new_gps",6518,102.666489,18.079476
"new_gps",6572,102.668534,18.077044
"new_gps",6618,102.668695,18.076176
"new_gps",6386,102.645516,18.072037
"new_gps",6216,102.639667,18.045936
"new_gps",6793,102.635076,18.042272
"new_gps",6511,102.635389,18.044948
"new_gps",6464,102.63238,18.037289
"new_gps",6737,102.636169,18.043013
"new_gps",6432,102.639889,18.046069
"new_gps",6097,102.638855,18.046027
"new_gps",5889,102.638279,18.046162
"new_gps",6507,102.636612,18.045154
"new_gps",7215,102.633345,18.039723
"new_gps",7413,102.631427,18.03259
"new_gps",6622,102.638842,18.008627
"new_gps",7076,102.644699,18.027702
"new_gps",7055,102.642582,18.034579
"new_gps",6597,102.638662,18.019711
"new_gps",6167,102.636084,18.019424
"new_gps",6171,102.651829,18.029937
"new_gps",6190,102.665789,18.126967
"new_gps",7306,102.667723,18.077232
"new_gps",7081,102.686239,18.070975
"new_gps",6906,102.665778,18.068906
"new_gps",7324,102.683328,18.0607
"new_gps",7330,102.632717,18.056274
"new_gps",6794,102.626957,18.048772
"new_gps",6394,102.611887,18.052562
"new_gps",7135,102.61123,18.045407
"new_gps",7251,102.604251,18.037883
"new_gps",5582,102.688595,18.254073
"new_gps",5560,102.681095,18.256869
"new_gps",7288,102.689002,18.248786
"new_gps",5585,102.687106,18.250032
"new_gps",5842,102.693954,18.232756
"new_gps",5550,102.699288,18.235977
"new_gps",7177,102.655051,18.175016
"new_gps",6086,102.626851,18.122147
"new_gps",5589,102.645242,18.109732
"new_gps",5371,102.645921,18.110893
"new_gps",5557,102.646063,18.111778
"new_gps",6430,102.652401,18.108415
"new_gps",6454,102.653157,18.108251
"new_gps",6515,102.665454,18.059216
"new_gps",5968,102.579621,18.183074
"new_gps",5400,102.616055,18.129922
"new_gps",6382,102.806689,18.062016
"new_gps",5388,102.86119,18.107823
"new_gps",5372,102.863823,18.110566
"new_gps",5897,102.852071,18.113281
"new_gps",5900,102.851907,18.11342
"new_gps",5849,102.851518,18.113687
"new_gps",6826,102.748834,18.073034
"new_gps",6927,102.740897,18.058575
"new_gps",6373,102.756138,18.054618
"new_gps",6521,102.756194,18.054931
"new_gps",6350,102.746464,18.073698
"new_gps",7334,102.765609,18.15798
"new_gps",6169,102.708026,18.045184
"new_gps",6987,102.70862,18.044999
"new_gps",6624,102.672119,17.99005
"new_gps",7174,102.663779,17.997024
"new_gps",6857,102.659073,17.997002
"new_gps",6346,102.604385,17.96593
"new_gps",7208,102.605897,17.976907
"new_gps",7087,102.608048,17.984977
"new_gps",6354,102.608247,17.990839
"new_gps",7022,102.606393,17.989641
"new_gps",6274,102.608103,17.993848
"new_gps",6637,102.617024,17.998685
"new_gps",6621,102.613722,17.998515
"new_gps",6119,102.617484,18.01204
"new_gps",7097,102.617737,18.019354
"new_gps",7117,102.616094,18.026555
"new_gps",6562,102.624073,18.000621
"new_gps",7250,102.624454,18.002286
"new_gps",7210,102.618026,18.002528
"new_gps",6862,102.603667,18.014531
"new_gps",6889,102.594461,18.002008
"new_gps",7265,102.594311,18.007482
"new_gps",5989,102.593915,17.996735
"new_gps",6769,102.597475,18.004677
"new_gps",6949,102.609472,17.978249
"new_gps",6849,102.614704,17.97222
"new_gps",6630,102.61086,17.981304
"new_gps",6778,102.62713,17.987007
"new_gps",6170,102.628524,17.986705
"new_gps",6619,102.625949,17.986682
"new_gps",6212,102.614633,17.990861
"new_gps",6151,102.614652,17.992644
"new_gps",6460,102.616772,17.996005
"new_gps",6457,102.60174,17.976847
"new_gps",6828,102.580607,17.975851
"new_gps",6557,102.577867,17.975661
"new_gps",6886,102.571801,17.969179
"new_gps",6159,102.589056,17.96785
"new_gps",6962,102.556907,17.972908
"new_gps",5428,102.448902,17.984299
"new_gps",6427,102.488614,18.014613
"new_gps",6644,102.521575,18.021924
"new_gps",6761,102.58583,17.980048
"new_gps",7190,102.586556,17.982133
"new_gps",6642,102.586498,17.982862
"new_gps",6075,102.586498,17.985325
"new_gps",6376,102.586527,17.986019
"new_gps",6175,102.586934,17.984295
"new_gps",5390,102.588689,17.985229
"new_gps",6985,102.586487,17.988111
"new_gps",6829,102.583484,17.988138
"new_gps",6140,102.583211,18.028241
"new_gps",7175,102.571698,18.024179
"new_gps",6480,102.58376,17.967894
"new_gps",6189,102.541724,17.99593
"new_gps",6603,102.525336,17.993085
"new_gps",6136,102.527118,17.986848
"new_gps",7058,102.505131,17.985556
"new_gps",7245,102.526068,18.022284
"new_gps",6777,102.634673,17.984977
"new_gps",6143,102.634466,17.985509
"new_gps",6919,102.633077,17.989719
"new_gps",6892,102.63302,17.990162
"new_gps",6325,102.632534,17.993706
"new_gps",7178,102.646291,18.006022
"new_gps",6459,102.651449,18.001252
"new_gps",7050,102.652148,18.001005
"new_gps",6860,102.655397,18.000585
"new_gps",7090,102.656432,18.000531
"new_gps",6321,102.656337,17.984583
"new_gps",6356,102.653104,17.977701
"new_gps",7041,102.657678,17.968631
"new_gps",6861,102.654401,17.969289
"new_gps",7045,102.664301,17.968817
"new_gps",5970,102.664134,17.972089
"new_gps",6377,102.670583,17.96571
"new_gps",5902,102.672976,17.973399
"new_gps",6277,102.668934,17.964931
"new_gps",6208,102.667575,17.943037
"new_gps",5976,102.666466,17.942824
"new_gps",6484,102.667464,17.94028
"new_gps",6056,102.667264,17.939953
"new_gps",5926,102.687239,17.938294
"new_gps",5544,102.666547,17.945905
"new_gps",6992,102.666912,17.945906
"new_gps",5588,102.666699,17.945699
"new_gps",5596,102.667077,17.94547
"new_gps",6909,102.653496,17.974565
"new_gps",6161,102.663234,17.975534
"new_gps",6739,102.655808,17.977848
"new_gps",5867,102.660518,17.97658
"new_gps",6359,102.665146,17.975952
"new_gps",6275,102.660319,17.989352
"new_gps",6695,102.661152,17.99013
"new_gps",5898,102.664717,17.99047
"new_gps",6735,102.66692,17.984153
"new_gps",6150,102.659654,17.988915
"new_gps",7070,102.657272,17.987913
"new_gps",6697,102.654446,17.986718
"new_gps",5426,102.66893,18.006168
"new_gps",6118,102.673029,18.004014
"new_gps",6256,102.685069,17.953714
"new_gps",6022,102.689684,17.973865
"new_gps",5839,102.702898,17.954087
"new_gps",6715,102.703082,17.951422
"new_gps",6615,102.703142,17.949709
"new_gps",6239,102.702538,17.945196
"new_gps",5833,102.703051,17.954693
"new_gps",6181,102.703076,17.949139
"new_gps",6213,102.631969,18.088296
"new_gps",6024,102.636634,18.045172
"new_gps",5556,102.756757,18.264966
"new_gps",5840,102.756735,18.264359
"new_gps",5558,102.756396,18.264191
"new_gps",6368,102.687982,18.008322
"new_gps",6030,102.689362,18.004724
"new_gps",5314,102.685236,17.981082
"new_gps",6015,102.676494,17.982011
"new_gps",6125,102.667479,17.953128
"new_gps",7042,102.669532,17.933366
"new_gps",6081,102.701846,17.955624
"new_gps",5870,102.702261,17.962043
"new_gps",6770,102.703285,17.983407
"new_gps",6246,102.746225,17.968166
"new_gps",6323,102.657296,17.998351
"new_gps",6818,102.647089,17.932507
"new_gps",5837,102.64326,17.9545
"new_gps",7376,102.638023,17.977828
"new_gps",6241,102.63434,17.982321
"new_gps",7112,102.627088,17.978893
"new_gps",6358,102.613746,17.960953
"new_gps",6705,102.620214,17.971449
"new_gps",6598,102.62832,17.972415
"new_gps",6704,102.631073,17.976208
"new_gps",6859,102.635776,17.966772
"new_gps",6052,102.626055,17.955623
"new_gps",7339,102.694343,17.997401
"new_gps",7137,102.695103,17.997154
"new_gps",7347,102.664626,18.01445
"new_gps",7189,102.66435,18.014173
"new_gps",7263,102.635369,18.008871
"new_gps",6990,102.631041,18.007392
"new_gps",7216,102.621997,17.985881
"new_gps",6696,102.649391,17.91577
"new_gps",7047,102.646733,17.913662
"new_gps",5548,102.648117,17.902011
"new_gps",7295,102.647708,17.895265
"new_gps",7108,102.644981,17.881916
"new_gps",6810,102.738806,17.888925
"new_gps",7130,102.755023,17.899929
"new_gps",6245,102.745774,17.891955
"new_gps",7467,102.751483,17.895665
"new_gps",6902,102.765258,17.915085
"new_gps",7095,102.765484,17.915846
"new_gps",7293,102.764661,17.915799
"new_gps",7312,102.764838,17.915061
"new_gps",6196,102.76295,17.910154
"new_gps",7241,102.768696,17.925625
"new_gps",7316,102.768305,17.925955
"new_gps",6659,102.727851,17.887158
"new_gps",7170,102.72879,17.896808
"new_gps",6333,102.730207,17.887449
"new_gps",6706,102.629366,17.90338
"new_gps",6955,102.706316,17.883332
"new_gps",6183,102.71631,17.89109
"new_gps",6185,102.715952,17.893987
"new_gps",6193,102.714978,17.89312
"new_gps",5957,102.843479,17.968703
"new_gps",6194,102.842174,17.967466
"new_gps",5907,102.840717,17.967909
"new_gps",5986,102.784239,17.937494
"new_gps",5985,102.78435,17.936447
"new_gps",6322,102.780659,17.934643
"new_gps",7329,102.744214,17.932998
"new_gps",7313,102.753105,17.940069
"new_gps",7432,102.727806,17.891328
"new_gps",6450,102.705779,17.884045
"new_gps",6076,102.6587,17.857503
"new_gps",6477,102.640237,17.890164
"new_gps",7362,102.639086,17.884416
"new_gps",6470,102.63816,17.899769
"new_gps",6158,102.627097,17.890497
"new_gps",6154,102.627018,17.889267
"new_gps",5887,102.602079,17.856572
"new_gps",6188,102.610903,17.88763
"new_gps",6403,102.645168,17.896187
"new_gps",6768,102.663565,17.904537
"new_gps",6999,102.669884,17.901363
"new_gps",7204,102.66161,17.897757
"new_gps",7003,102.722637,17.911919
"new_gps",7002,102.722633,17.911956
"new_gps",6753,102.722593,17.912922
"new_gps",6435,102.7213,17.909223
"new_gps",5546,102.625955,17.846145
"new_gps",6005,102.626188,17.846481
"new_gps",5873,102.636859,17.83768
"new_gps",5990,102.629682,17.843381
"new_gps",6077,102.624943,17.847543
"new_gps",6969,102.619036,17.919769
"new_gps",7627,102.634387,17.915673
"new_gps",5941,102.651058,17.920339
"new_gps",7793,102.651836,17.932028
"new_gps",6202,102.630517,17.944577
"new_gps",5984,102.616861,17.923416
"new_gps",6028,102.629406,17.939527
"new_gps",6326,102.629424,17.946385
"new_gps",6031,102.619002,17.950431
"new_gps",7035,102.620279,17.954658
"new_gps",7524,102.606079,18.003139
"new_gps",8101,102.584854,17.968018
"new_gps",8062,102.538794,17.993242
"new_gps",7052,102.544602,18.041707
"new_gps",6267,102.483836,18.265291
"new_gps",7380,102.501133,18.171139
"new_gps",6512,102.505677,18.105963
"new_gps",6676,102.500952,18.082141
"new_gps",6088,102.547042,18.091165
"new_gps",6085,102.57269,18.061546
"new_gps",7309,102.557583,18.062816
"new_gps",7044,102.572959,18.042634
"new_gps",7282,102.573356,18.030648
"new_gps",6448,102.614438,17.970902
"new_gps",8065,102.616029,17.960018
"new_gps",8124,102.64321,17.94305
"new_gps",7948,102.648691,17.936063
"new_gps",8102,102.638672,17.986094
"new_gps",8072,102.639914,17.993591
"new_gps",8104,102.660688,17.987168
"new_gps",8078,102.668296,18.064089
"new_gps",8123,102.616718,18.016165
"new_gps",7798,102.62498,18.004009
"new_gps",7802,102.628612,17.998727
"new_gps",7800,102.617876,17.992267
"new_gps",7729,102.642667,18.007101
"new_gps",7436,102.628632,18.051765
"new_gps",8129,102.657244,18.113372
"new_gps",7942,102.632922,18.128048
"new_gps",7823,102.750696,17.895017
"new_gps",7839,102.751474,17.895761
"new_gps",7838,102.751525,17.895801
"new_gps",8071,102.487138,18.25354
"new_gps",6727,102.549552,18.029066
